{"cameraMode":{"drawMode":0,"name":"Shaded","section":"Shading Mode"},"sceneLighting":true,"audioPlay":false,"sceneViewState":{"m_AlwaysRefresh":false,"showFog":true,"showSkybox":true,"showFlares":true,"showImageEffects":true,"showParticleSystems":true,"showVisualEffectGraphs":true,"m_FxEnabled":true},"in2DMode":false,"pivot":{"x":437.04473876953127,"y":185.46084594726563,"z":249.18727111816407},"rotation":{"x":0.25225815176963808,"y":-0.3296010494232178,"z":0.09187556803226471,"w":0.9051626324653626},"size":247.16004943847657,"orthographic":true}