{"cameraMode":{"drawMode":0,"name":"Shaded","section":"Shading Mode"},"sceneLighting":true,"audioPlay":false,"sceneViewState":{"m_AlwaysRefresh":false,"showFog":true,"showSkybox":true,"showFlares":true,"showImageEffects":true,"showParticleSystems":true,"showVisualEffectGraphs":true,"m_FxEnabled":true},"in2DMode":false,"pivot":{"x":756.3932495117188,"y":132.6596221923828,"z":-537.8322143554688},"rotation":{"x":-0.016192136332392694,"y":0.029985345900058748,"z":-0.0004461983044166118,"w":-0.9994637370109558},"size":113.84809112548828,"orthographic":true}