{"cameraMode":{"drawMode":0,"name":"Shaded","section":"Shading Mode"},"sceneLighting":true,"audioPlay":false,"sceneViewState":{"m_AlwaysRefresh":false,"showFog":true,"showSkybox":true,"showFlares":true,"showImageEffects":true,"showParticleSystems":true,"showVisualEffectGraphs":true,"m_FxEnabled":true},"in2DMode":false,"pivot":{"x":443.1021423339844,"y":176.01266479492188,"z":154.58294677734376},"rotation":{"x":-0.01678493246436119,"y":0.04195944964885712,"z":-0.0007099057547748089,"w":-0.999007523059845},"size":475.31915283203127,"orthographic":true}